sku,name,quantity,reorder_level,category_id,brand
1000,Granola Mix,15,36,69aec65b34dd66b7db34a1eb,Amul
1001,Fruit Jam,188,43,69aec65b34dd66b7db34a1eb,Sunfeast
1002,Hoodie,65,37,69aec6a634dd66b7db34a1ec,Nike
1003,Sports Jacket,180,48,69aec6a634dd66b7db34a1ec,Zara
1004,Electric Kettle,92,10,69aec72934dd66b7db34a1ee,Mi
1005,Denim Jeans,60,34,69aec6a634dd66b7db34a1ec,Nike
1006,Smart Plug,171,31,69aec72934dd66b7db34a1ee,Sony
1007,Denim Jeans,244,14,69aec6a634dd66b7db34a1ec,H&M
1008,Granola Mix,96,50,69aec65b34dd66b7db34a1eb,Nestle
1009,Peanut Butter,63,11,69aec65b34dd66b7db34a1eb,Amul
1010,Kurta,69,22,69aec6a634dd66b7db34a1ec,Adidas
1011,Mystery Novel,46,25,69aec6e934dd66b7db34a1ed,RandomHouse
1012,LED Lamp,325,6,69aec72934dd66b7db34a1ee,Boat
1013,Bluetooth Speaker,15,14,69aec72934dd66b7db34a1ee,Samsung
1014,USB Hub,43,41,69aec72934dd66b7db34a1ee,Samsung
1015,Science Magazine,81,8,69aec6e934dd66b7db34a1ed,Oxford
1016,Cotton T-Shirt,209,44,69aec6a634dd66b7db34a1ec,Adidas
1017,Power Bank,202,33,69aec72934dd66b7db34a1ee,Philips
1018,Brown Bread,397,49,69aec65b34dd66b7db34a1eb,Britannia
1019,Tech Handbook,252,47,69aec6e934dd66b7db34a1ed,Scholastic
1020,Kurta,268,50,69aec6a634dd66b7db34a1ec,H&M
1021,LED Lamp,258,40,69aec72934dd66b7db34a1ee,Sony
1022,Electric Kettle,446,36,69aec72934dd66b7db34a1ee,Samsung
1023,Tech Handbook,70,12,69aec6e934dd66b7db34a1ed,Penguin
1024,Chocolate Cookies,437,19,69aec65b34dd66b7db34a1eb,Sunfeast
1025,Track Pants,394,37,69aec6a634dd66b7db34a1ec,H&M
1026,Protein Shake,426,49,69aec65b34dd66b7db34a1eb,Amul
1027,Cooking Book,155,33,69aec6e934dd66b7db34a1ed,HarperCollins
1028,Sports Jacket,37,20,69aec6a634dd66b7db34a1ec,Nike
1029,History Textbook,335,32,69aec6e934dd66b7db34a1ed,Scholastic
1030,USB Hub,153,42,69aec72934dd66b7db34a1ee,Mi
1031,Wireless Mouse,495,44,69aec72934dd66b7db34a1ee,Boat
1032,Chocolate Cookies,143,21,69aec65b34dd66b7db34a1eb,Amul
1033,Chocolate Cookies,112,30,69aec65b34dd66b7db34a1eb,Amul
1034,Peanut Butter,286,46,69aec65b34dd66b7db34a1eb,Britannia
1035,Fruit Jam,220,47,69aec65b34dd66b7db34a1eb,Nestle
1036,Travel Guide,192,43,69aec6e934dd66b7db34a1ed,HarperCollins
1037,Hoodie,269,24,69aec6a634dd66b7db34a1ec,Nike
1038,Power Bank,53,21,69aec72934dd66b7db34a1ee,Samsung
1039,Denim Jeans,60,41,69aec6a634dd66b7db34a1ec,Puma
1040,Science Magazine,400,36,69aec6e934dd66b7db34a1ed,Scholastic
1041,Instant Noodles,500,7,69aec65b34dd66b7db34a1eb,Sunfeast
1042,Travel Guide,150,8,69aec6e934dd66b7db34a1ed,Scholastic
1043,Instant Noodles,44,16,69aec65b34dd66b7db34a1eb,Nestle
1044,Cotton T-Shirt,337,40,69aec6a634dd66b7db34a1ec,H&M
1045,Tech Handbook,109,3,69aec6e934dd66b7db34a1ed,Oxford
1046,Science Magazine,60,31,69aec6e934dd66b7db34a1ed,HarperCollins
1047,Travel Guide,169,49,69aec6e934dd66b7db34a1ed,Scholastic
1048,Energy Bar,108,34,69aec65b34dd66b7db34a1eb,Sunfeast
1049,Polo Shirt,71,49,69aec6a634dd66b7db34a1ec,Puma
1050,Electric Kettle,489,50,69aec72934dd66b7db34a1ee,Sony
1051,Science Magazine,304,21,69aec6e934dd66b7db34a1ed,HarperCollins
1052,Energy Bar,351,37,69aec65b34dd66b7db34a1eb,Patanjali
1053,Organic Honey,212,25,69aec65b34dd66b7db34a1eb,Sunfeast
1054,Bluetooth Speaker,401,48,69aec72934dd66b7db34a1ee,Mi
1055,Mystery Novel,236,43,69aec6e934dd66b7db34a1ed,HarperCollins
1056,Instant Noodles,153,30,69aec65b34dd66b7db34a1eb,Patanjali
1057,History Textbook,364,24,69aec6e934dd66b7db34a1ed,Scholastic
1058,Protein Shake,320,10,69aec65b34dd66b7db34a1eb,Amul
1059,LED Lamp,50,44,69aec72934dd66b7db34a1ee,Philips
1060,LED Lamp,153,20,69aec72934dd66b7db34a1ee,Boat
1061,Poetry Collection,480,29,69aec6e934dd66b7db34a1ed,Oxford
1062,Extension Board,287,8,69aec72934dd66b7db34a1ee,Philips
1063,Science Magazine,497,33,69aec6e934dd66b7db34a1ed,Oxford
1064,Tech Handbook,183,30,69aec6e934dd66b7db34a1ed,HarperCollins
1065,Protein Shake,397,24,69aec65b34dd66b7db34a1eb,Nestle
1066,Power Bank,270,20,69aec72934dd66b7db34a1ee,Mi
1067,Energy Bar,466,42,69aec65b34dd66b7db34a1eb,Patanjali
1068,Bluetooth Speaker,360,23,69aec72934dd66b7db34a1ee,Samsung
1069,Power Bank,67,8,69aec72934dd66b7db34a1ee,Philips
1070,Peanut Butter,62,12,69aec65b34dd66b7db34a1eb,Patanjali
1071,Track Pants,425,29,69aec6a634dd66b7db34a1ec,Puma
1072,Poetry Collection,191,21,69aec6e934dd66b7db34a1ed,HarperCollins
1073,Polo Shirt,459,21,69aec6a634dd66b7db34a1ec,Zara
1074,Salted Chips,163,24,69aec65b34dd66b7db34a1eb,Sunfeast
1075,USB Hub,13,20,69aec72934dd66b7db34a1ee,Philips
1076,Fruit Jam,199,12,69aec65b34dd66b7db34a1eb,Sunfeast
1077,LED Lamp,217,23,69aec72934dd66b7db34a1ee,Mi
1078,Instant Noodles,409,32,69aec65b34dd66b7db34a1eb,Britannia
1079,Fantasy Novel,166,12,69aec6e934dd66b7db34a1ed,Penguin
1080,Peanut Butter,255,38,69aec65b34dd66b7db34a1eb,Sunfeast
1081,Bluetooth Speaker,172,19,69aec72934dd66b7db34a1ee,Sony
1082,Granola Mix,369,17,69aec65b34dd66b7db34a1eb,Amul
1083,LED Lamp,272,9,69aec72934dd66b7db34a1ee,Mi
1084,Bluetooth Speaker,309,46,69aec72934dd66b7db34a1ee,Mi
1085,Salted Chips,447,14,69aec65b34dd66b7db34a1eb,Nestle
1086,Poetry Collection,486,37,69aec6e934dd66b7db34a1ed,HarperCollins
1087,LED Lamp,320,17,69aec72934dd66b7db34a1ee,Boat
1088,Fantasy Novel,327,4,69aec6e934dd66b7db34a1ed,Oxford
1089,Track Pants,118,9,69aec6a634dd66b7db34a1ec,H&M
1090,Power Bank,15,15,69aec72934dd66b7db34a1ee,Samsung
1091,Denim Jeans,63,46,69aec6a634dd66b7db34a1ec,Zara
1092,Protein Shake,63,46,69aec65b34dd66b7db34a1eb,Sunfeast
1093,Brown Bread,13,25,69aec65b34dd66b7db34a1eb,Patanjali
1094,Brown Bread,225,38,69aec65b34dd66b7db34a1eb,Sunfeast
1095,Wireless Mouse,441,34,69aec72934dd66b7db34a1ee,Sony
1096,Formal Shirt,10,34,69aec6a634dd66b7db34a1ec,Nike
1097,Cotton T-Shirt,487,44,69aec6a634dd66b7db34a1ec,Nike
1098,Kurta,281,7,69aec6a634dd66b7db34a1ec,Nike
1099,Bluetooth Speaker,60,45,69aec72934dd66b7db34a1ee,Philips
1100,Formal Shirt,149,27,69aec6a634dd66b7db34a1ec,H&M
1101,Mystery Novel,429,17,69aec6e934dd66b7db34a1ed,RandomHouse
1102,Granola Mix,475,17,69aec65b34dd66b7db34a1eb,Patanjali
1103,Cooking Book,150,2,69aec6e934dd66b7db34a1ed,Oxford
1104,LED Lamp,344,6,69aec72934dd66b7db34a1ee,Philips
1105,Denim Jeans,316,46,69aec6a634dd66b7db34a1ec,H&M
1106,Kurta,492,17,69aec6a634dd66b7db34a1ec,Puma
1107,Tech Handbook,403,8,69aec6e934dd66b7db34a1ed,Penguin
1108,Poetry Collection,481,19,69aec6e934dd66b7db34a1ed,Penguin
1109,Smart Plug,400,45,69aec72934dd66b7db34a1ee,Sony
1110,Chocolate Cookies,207,48,69aec65b34dd66b7db34a1eb,Amul
1111,Electric Kettle,208,39,69aec72934dd66b7db34a1ee,Samsung
1112,Mystery Novel,293,35,69aec6e934dd66b7db34a1ed,Oxford
1113,Mystery Novel,373,37,69aec6e934dd66b7db34a1ed,Penguin
1114,Brown Bread,107,26,69aec65b34dd66b7db34a1eb,Amul
1115,Science Magazine,182,20,69aec6e934dd66b7db34a1ed,Penguin
1116,Shorts,34,23,69aec6a634dd66b7db34a1ec,Zara
1117,Protein Shake,246,22,69aec65b34dd66b7db34a1eb,Amul
1118,Organic Honey,345,2,69aec65b34dd66b7db34a1eb,Sunfeast
1119,Wireless Mouse,280,39,69aec72934dd66b7db34a1ee,Philips
1120,Chocolate Cookies,421,39,69aec65b34dd66b7db34a1eb,Nestle
1121,Formal Shirt,452,25,69aec6a634dd66b7db34a1ec,Nike
1122,Chocolate Cookies,113,40,69aec65b34dd66b7db34a1eb,Nestle
1123,Shorts,239,26,69aec6a634dd66b7db34a1ec,Puma
1124,USB Hub,160,49,69aec72934dd66b7db34a1ee,Philips
1125,Shorts,121,7,69aec6a634dd66b7db34a1ec,Nike
1126,LED Lamp,195,15,69aec72934dd66b7db34a1ee,Philips
1127,Formal Shirt,424,35,69aec6a634dd66b7db34a1ec,H&M
1128,Sweatshirt,346,39,69aec6a634dd66b7db34a1ec,Adidas
1129,Formal Shirt,76,24,69aec6a634dd66b7db34a1ec,Adidas
1130,Power Bank,493,9,69aec72934dd66b7db34a1ee,Samsung
1131,Denim Jeans,470,8,69aec6a634dd66b7db34a1ec,Adidas
1132,Chocolate Cookies,213,9,69aec65b34dd66b7db34a1eb,Amul
1133,Protein Shake,446,46,69aec65b34dd66b7db34a1eb,Amul
1134,Cotton T-Shirt,413,33,69aec6a634dd66b7db34a1ec,Nike
1135,History Textbook,495,16,69aec6e934dd66b7db34a1ed,Oxford
1136,Bluetooth Speaker,183,26,69aec72934dd66b7db34a1ee,Boat
1137,Cooking Book,67,26,69aec6e934dd66b7db34a1ed,HarperCollins
1138,USB Hub,77,37,69aec72934dd66b7db34a1ee,Sony
1139,Salted Chips,84,33,69aec65b34dd66b7db34a1eb,Nestle
1140,Extension Board,225,16,69aec72934dd66b7db34a1ee,Samsung
1141,Salted Chips,415,2,69aec65b34dd66b7db34a1eb,Sunfeast
1142,Track Pants,417,10,69aec6a634dd66b7db34a1ec,H&M
1143,Mystery Novel,378,7,69aec6e934dd66b7db34a1ed,RandomHouse
1144,Cotton T-Shirt,227,9,69aec6a634dd66b7db34a1ec,Nike
1145,Mystery Novel,487,24,69aec6e934dd66b7db34a1ed,RandomHouse
1146,Formal Shirt,496,49,69aec6a634dd66b7db34a1ec,Puma
1147,Cooking Book,363,8,69aec6e934dd66b7db34a1ed,RandomHouse
1148,Travel Guide,255,31,69aec6e934dd66b7db34a1ed,HarperCollins
1149,Cooking Book,431,37,69aec6e934dd66b7db34a1ed,HarperCollins
1150,LED Lamp,26,25,69aec72934dd66b7db34a1ee,Mi
1151,Bluetooth Speaker,484,35,69aec72934dd66b7db34a1ee,Boat
1152,Instant Noodles,324,29,69aec65b34dd66b7db34a1eb,Britannia
1153,Tech Handbook,191,2,69aec6e934dd66b7db34a1ed,Scholastic
1154,Bluetooth Speaker,409,48,69aec72934dd66b7db34a1ee,Mi
1155,Travel Guide,219,10,69aec6e934dd66b7db34a1ed,HarperCollins
1156,Cooking Book,483,44,69aec6e934dd66b7db34a1ed,RandomHouse
1157,Cooking Book,121,26,69aec6e934dd66b7db34a1ed,Oxford
1158,Travel Guide,284,48,69aec6e934dd66b7db34a1ed,Scholastic
1159,Extension Board,364,39,69aec72934dd66b7db34a1ee,Samsung
1160,Organic Honey,130,46,69aec65b34dd66b7db34a1eb,Nestle
1161,Organic Honey,439,15,69aec65b34dd66b7db34a1eb,Britannia
1162,Electric Kettle,350,42,69aec72934dd66b7db34a1ee,Philips
1163,Track Pants,42,18,69aec6a634dd66b7db34a1ec,Puma
1164,Electric Kettle,31,4,69aec72934dd66b7db34a1ee,Samsung
1165,Cooking Book,180,45,69aec6e934dd66b7db34a1ed,Oxford
1166,Energy Bar,82,23,69aec65b34dd66b7db34a1eb,Patanjali
1167,Science Magazine,261,36,69aec6e934dd66b7db34a1ed,Penguin
1168,LED Lamp,10,7,69aec72934dd66b7db34a1ee,Philips
1169,Cooking Book,430,45,69aec6e934dd66b7db34a1ed,RandomHouse
1170,Travel Guide,167,37,69aec6e934dd66b7db34a1ed,Oxford
1171,Granola Mix,62,15,69aec65b34dd66b7db34a1eb,Britannia
1172,Formal Shirt,185,10,69aec6a634dd66b7db34a1ec,H&M
1173,Hoodie,14,27,69aec6a634dd66b7db34a1ec,Puma
1174,Energy Bar,499,8,69aec65b34dd66b7db34a1eb,Amul
1175,Energy Bar,390,17,69aec65b34dd66b7db34a1eb,Britannia
1176,Polo Shirt,229,38,69aec6a634dd66b7db34a1ec,H&M
1177,Cotton T-Shirt,56,47,69aec6a634dd66b7db34a1ec,H&M
1178,Chocolate Cookies,407,21,69aec65b34dd66b7db34a1eb,Amul
1179,History Textbook,432,5,69aec6e934dd66b7db34a1ed,Oxford
1180,Bluetooth Speaker,82,37,69aec72934dd66b7db34a1ee,Mi
1181,USB Hub,65,50,69aec72934dd66b7db34a1ee,Samsung
1182,Poetry Collection,324,4,69aec6e934dd66b7db34a1ed,Oxford
1183,History Textbook,309,3,69aec6e934dd66b7db34a1ed,RandomHouse
1184,Tech Handbook,412,11,69aec6e934dd66b7db34a1ed,HarperCollins
1185,Hoodie,334,27,69aec6a634dd66b7db34a1ec,Adidas
1186,Instant Noodles,417,50,69aec65b34dd66b7db34a1eb,Sunfeast
1187,Brown Bread,237,5,69aec65b34dd66b7db34a1eb,Patanjali
1188,Tech Handbook,473,39,69aec6e934dd66b7db34a1ed,Oxford
1189,LED Lamp,422,27,69aec72934dd66b7db34a1ee,Boat
1190,Chocolate Cookies,361,12,69aec65b34dd66b7db34a1eb,Patanjali
1191,Cooking Book,159,19,69aec6e934dd66b7db34a1ed,Scholastic
1192,Track Pants,243,17,69aec6a634dd66b7db34a1ec,Nike
1193,History Textbook,95,38,69aec6e934dd66b7db34a1ed,Oxford
1194,USB Hub,478,11,69aec72934dd66b7db34a1ee,Mi
1195,Salted Chips,387,26,69aec65b34dd66b7db34a1eb,Nestle
1196,Denim Jeans,450,17,69aec6a634dd66b7db34a1ec,Adidas
1197,History Textbook,24,27,69aec6e934dd66b7db34a1ed,RandomHouse
1198,Polo Shirt,497,24,69aec6a634dd66b7db34a1ec,H&M
1199,Cotton T-Shirt,184,44,69aec6a634dd66b7db34a1ec,Zara
1200,Tech Handbook,14,35,69aec6e934dd66b7db34a1ed,Penguin
1201,Denim Jeans,199,34,69aec6a634dd66b7db34a1ec,Adidas
1202,Track Pants,86,14,69aec6a634dd66b7db34a1ec,H&M
1203,Energy Bar,373,35,69aec65b34dd66b7db34a1eb,Sunfeast
1204,Chocolate Cookies,497,29,69aec65b34dd66b7db34a1eb,Amul
1205,Protein Shake,135,50,69aec65b34dd66b7db34a1eb,Patanjali
1206,Power Bank,354,46,69aec72934dd66b7db34a1ee,Sony
1207,Travel Guide,150,4,69aec6e934dd66b7db34a1ed,Scholastic
1208,Science Magazine,50,3,69aec6e934dd66b7db34a1ed,Oxford
1209,Extension Board,144,44,69aec72934dd66b7db34a1ee,Boat
1210,Science Magazine,432,48,69aec6e934dd66b7db34a1ed,Oxford
1211,Electric Kettle,193,41,69aec72934dd66b7db34a1ee,Boat
1212,Bluetooth Speaker,340,23,69aec72934dd66b7db34a1ee,Philips
1213,Formal Shirt,35,2,69aec6a634dd66b7db34a1ec,Puma
1214,Brown Bread,231,10,69aec65b34dd66b7db34a1eb,Amul
1215,Chocolate Cookies,110,27,69aec65b34dd66b7db34a1eb,Sunfeast
1216,Peanut Butter,244,8,69aec65b34dd66b7db34a1eb,Nestle
1217,Track Pants,174,17,69aec6a634dd66b7db34a1ec,Zara
1218,USB Hub,285,39,69aec72934dd66b7db34a1ee,Sony
1219,Mystery Novel,132,48,69aec6e934dd66b7db34a1ed,RandomHouse
1220,Instant Noodles,84,41,69aec65b34dd66b7db34a1eb,Sunfeast
1221,Electric Kettle,154,49,69aec72934dd66b7db34a1ee,Samsung
1222,LED Lamp,23,41,69aec72934dd66b7db34a1ee,Boat
1223,USB Hub,366,33,69aec72934dd66b7db34a1ee,Mi
1224,Power Bank,442,12,69aec72934dd66b7db34a1ee,Sony
1225,Sports Jacket,29,26,69aec6a634dd66b7db34a1ec,H&M
1226,Mystery Novel,73,27,69aec6e934dd66b7db34a1ed,HarperCollins
1227,Tech Handbook,103,42,69aec6e934dd66b7db34a1ed,RandomHouse
1228,Power Bank,402,47,69aec72934dd66b7db34a1ee,Boat
1229,Granola Mix,204,47,69aec65b34dd66b7db34a1eb,Patanjali
1230,Granola Mix,32,44,69aec65b34dd66b7db34a1eb,Amul
1231,Travel Guide,150,42,69aec6e934dd66b7db34a1ed,HarperCollins
1232,Granola Mix,278,43,69aec65b34dd66b7db34a1eb,Britannia
1233,Energy Bar,67,47,69aec65b34dd66b7db34a1eb,Britannia
1234,Fantasy Novel,132,16,69aec6e934dd66b7db34a1ed,Penguin
1235,Electric Kettle,237,4,69aec72934dd66b7db34a1ee,Samsung
1236,Energy Bar,13,2,69aec65b34dd66b7db34a1eb,Patanjali
1237,Kurta,34,20,69aec6a634dd66b7db34a1ec,H&M
1238,Energy Bar,496,34,69aec65b34dd66b7db34a1eb,Patanjali
1239,Instant Noodles,317,6,69aec65b34dd66b7db34a1eb,Britannia
1240,Mystery Novel,46,38,69aec6e934dd66b7db34a1ed,RandomHouse
1241,Sweatshirt,489,49,69aec6a634dd66b7db34a1ec,Nike
1242,Extension Board,109,15,69aec72934dd66b7db34a1ee,Philips
1243,Formal Shirt,191,3,69aec6a634dd66b7db34a1ec,H&M
1244,Wireless Mouse,75,36,69aec72934dd66b7db34a1ee,Boat
1245,Poetry Collection,443,28,69aec6e934dd66b7db34a1ed,RandomHouse
1246,Wireless Mouse,21,28,69aec72934dd66b7db34a1ee,Sony
1247,Brown Bread,411,35,69aec65b34dd66b7db34a1eb,Sunfeast
1248,Salted Chips,38,17,69aec65b34dd66b7db34a1eb,Amul
1249,Brown Bread,228,4,69aec65b34dd66b7db34a1eb,Nestle
1250,Wireless Mouse,154,25,69aec72934dd66b7db34a1ee,Philips
1251,Granola Mix,308,40,69aec65b34dd66b7db34a1eb,Sunfeast
1252,USB Hub,153,22,69aec72934dd66b7db34a1ee,Mi
1253,Formal Shirt,395,24,69aec6a634dd66b7db34a1ec,Nike
1254,Cooking Book,327,45,69aec6e934dd66b7db34a1ed,Scholastic
1255,Tech Handbook,304,38,69aec6e934dd66b7db34a1ed,HarperCollins
1256,Hoodie,233,29,69aec6a634dd66b7db34a1ec,Zara
1257,Denim Jeans,332,49,69aec6a634dd66b7db34a1ec,H&M
1258,Brown Bread,166,7,69aec65b34dd66b7db34a1eb,Nestle
1259,Wireless Mouse,196,16,69aec72934dd66b7db34a1ee,Sony
1260,Extension Board,411,47,69aec72934dd66b7db34a1ee,Samsung
1261,Formal Shirt,119,32,69aec6a634dd66b7db34a1ec,Zara
1262,Cooking Book,23,27,69aec6e934dd66b7db34a1ed,RandomHouse
1263,Wireless Mouse,355,11,69aec72934dd66b7db34a1ee,Boat
1264,USB Hub,228,9,69aec72934dd66b7db34a1ee,Mi
1265,Salted Chips,431,6,69aec65b34dd66b7db34a1eb,Amul
1266,Protein Shake,447,16,69aec65b34dd66b7db34a1eb,Amul
1267,Sweatshirt,98,20,69aec6a634dd66b7db34a1ec,H&M
1268,Travel Guide,494,41,69aec6e934dd66b7db34a1ed,Scholastic
1269,Travel Guide,28,17,69aec6e934dd66b7db34a1ed,RandomHouse
1270,Power Bank,134,50,69aec72934dd66b7db34a1ee,Boat
1271,Energy Bar,488,3,69aec65b34dd66b7db34a1eb,Britannia
1272,Wireless Mouse,404,26,69aec72934dd66b7db34a1ee,Samsung
1273,Fantasy Novel,309,33,69aec6e934dd66b7db34a1ed,Penguin
1274,Kurta,468,22,69aec6a634dd66b7db34a1ec,Puma
1275,Sports Jacket,192,24,69aec6a634dd66b7db34a1ec,Adidas
1276,USB Hub,295,32,69aec72934dd66b7db34a1ee,Boat
1277,Sports Jacket,412,17,69aec6a634dd66b7db34a1ec,Nike
1278,Fruit Jam,462,49,69aec65b34dd66b7db34a1eb,Patanjali
1279,Salted Chips,426,29,69aec65b34dd66b7db34a1eb,Patanjali
1280,Tech Handbook,83,34,69aec6e934dd66b7db34a1ed,Scholastic
1281,Organic Honey,500,28,69aec65b34dd66b7db34a1eb,Patanjali
1282,Poetry Collection,224,21,69aec6e934dd66b7db34a1ed,HarperCollins
1283,Cooking Book,152,44,69aec6e934dd66b7db34a1ed,Penguin
1284,Mystery Novel,211,34,69aec6e934dd66b7db34a1ed,Penguin
1285,Travel Guide,153,2,69aec6e934dd66b7db34a1ed,Oxford
1286,Wireless Mouse,303,10,69aec72934dd66b7db34a1ee,Boat
1287,Kurta,303,3,69aec6a634dd66b7db34a1ec,Puma
1288,Smart Plug,168,2,69aec72934dd66b7db34a1ee,Philips
1289,Hoodie,263,3,69aec6a634dd66b7db34a1ec,H&M
1290,Fantasy Novel,396,5,69aec6e934dd66b7db34a1ed,Oxford
1291,Extension Board,147,5,69aec72934dd66b7db34a1ee,Samsung
1292,Organic Honey,56,26,69aec65b34dd66b7db34a1eb,Amul
1293,Kurta,191,23,69aec6a634dd66b7db34a1ec,H&M
1294,History Textbook,120,25,69aec6e934dd66b7db34a1ed,Oxford
1295,Hoodie,165,9,69aec6a634dd66b7db34a1ec,Adidas
1296,Travel Guide,329,15,69aec6e934dd66b7db34a1ed,Oxford
1297,Cotton T-Shirt,281,11,69aec6a634dd66b7db34a1ec,Zara
1298,Brown Bread,176,38,69aec65b34dd66b7db34a1eb,Britannia
1299,Tech Handbook,70,23,69aec6e934dd66b7db34a1ed,RandomHouse
1300,Smart Plug,89,47,69aec72934dd66b7db34a1ee,Samsung
1301,Poetry Collection,285,16,69aec6e934dd66b7db34a1ed,RandomHouse
1302,Brown Bread,413,48,69aec65b34dd66b7db34a1eb,Nestle
1303,Poetry Collection,66,30,69aec6e934dd66b7db34a1ed,Scholastic
1304,Polo Shirt,86,38,69aec6a634dd66b7db34a1ec,Puma
1305,Mystery Novel,207,17,69aec6e934dd66b7db34a1ed,HarperCollins
1306,Shorts,27,24,69aec6a634dd66b7db34a1ec,Adidas
1307,Formal Shirt,446,4,69aec6a634dd66b7db34a1ec,Puma
1308,Power Bank,24,2,69aec72934dd66b7db34a1ee,Samsung
1309,Smart Plug,111,33,69aec72934dd66b7db34a1ee,Sony
1310,Energy Bar,119,29,69aec65b34dd66b7db34a1eb,Britannia
1311,Brown Bread,336,16,69aec65b34dd66b7db34a1eb,Britannia
1312,Kurta,328,16,69aec6a634dd66b7db34a1ec,H&M
1313,Travel Guide,62,42,69aec6e934dd66b7db34a1ed,Penguin
1314,Smart Plug,399,49,69aec72934dd66b7db34a1ee,Samsung
1315,Science Magazine,345,32,69aec6e934dd66b7db34a1ed,Oxford
1316,History Textbook,176,27,69aec6e934dd66b7db34a1ed,Penguin
1317,Shorts,207,28,69aec6a634dd66b7db34a1ec,H&M
1318,Kurta,456,48,69aec6a634dd66b7db34a1ec,H&M
1319,Granola Mix,138,14,69aec65b34dd66b7db34a1eb,Patanjali
1320,Cooking Book,470,29,69aec6e934dd66b7db34a1ed,RandomHouse
1321,Hoodie,70,49,69aec6a634dd66b7db34a1ec,Zara
1322,Mystery Novel,466,40,69aec6e934dd66b7db34a1ed,HarperCollins
1323,Smart Plug,426,36,69aec72934dd66b7db34a1ee,Philips
1324,Smart Plug,482,43,69aec72934dd66b7db34a1ee,Sony
1325,Sports Jacket,150,28,69aec6a634dd66b7db34a1ec,Zara
1326,Science Magazine,194,26,69aec6e934dd66b7db34a1ed,Penguin
1327,Formal Shirt,12,23,69aec6a634dd66b7db34a1ec,Zara
1328,Protein Shake,32,43,69aec65b34dd66b7db34a1eb,Patanjali
1329,Smart Plug,246,2,69aec72934dd66b7db34a1ee,Sony
1330,History Textbook,364,23,69aec6e934dd66b7db34a1ed,HarperCollins
1331,Salted Chips,76,25,69aec65b34dd66b7db34a1eb,Sunfeast
1332,Brown Bread,256,14,69aec65b34dd66b7db34a1eb,Patanjali
1333,Smart Plug,297,9,69aec72934dd66b7db34a1ee,Samsung
1334,Travel Guide,244,33,69aec6e934dd66b7db34a1ed,Scholastic
1335,Wireless Mouse,261,42,69aec72934dd66b7db34a1ee,Philips
1336,Hoodie,86,50,69aec6a634dd66b7db34a1ec,Adidas
1337,Science Magazine,217,48,69aec6e934dd66b7db34a1ed,HarperCollins
1338,Shorts,86,32,69aec6a634dd66b7db34a1ec,Adidas
1339,Shorts,146,12,69aec6a634dd66b7db34a1ec,Zara
1340,Shorts,444,20,69aec6a634dd66b7db34a1ec,Nike
1341,Cooking Book,133,17,69aec6e934dd66b7db34a1ed,Penguin
1342,Science Magazine,491,32,69aec6e934dd66b7db34a1ed,Penguin
1343,Tech Handbook,418,40,69aec6e934dd66b7db34a1ed,Oxford
1344,Peanut Butter,89,49,69aec65b34dd66b7db34a1eb,Britannia
1345,Salted Chips,128,26,69aec65b34dd66b7db34a1eb,Britannia
1346,Wireless Mouse,105,50,69aec72934dd66b7db34a1ee,Philips
1347,Poetry Collection,321,36,69aec6e934dd66b7db34a1ed,RandomHouse
1348,Salted Chips,406,30,69aec65b34dd66b7db34a1eb,Sunfeast
1349,USB Hub,71,23,69aec72934dd66b7db34a1ee,Sony
1350,Organic Honey,202,44,69aec65b34dd66b7db34a1eb,Sunfeast
1351,Tech Handbook,215,36,69aec6e934dd66b7db34a1ed,HarperCollins
1352,Organic Honey,152,3,69aec65b34dd66b7db34a1eb,Nestle
1353,Hoodie,489,23,69aec6a634dd66b7db34a1ec,Zara
1354,Bluetooth Speaker,429,30,69aec72934dd66b7db34a1ee,Sony
1355,Hoodie,453,48,69aec6a634dd66b7db34a1ec,Nike
1356,LED Lamp,41,50,69aec72934dd66b7db34a1ee,Sony
1357,Tech Handbook,394,5,69aec6e934dd66b7db34a1ed,HarperCollins
1358,Fantasy Novel,265,37,69aec6e934dd66b7db34a1ed,RandomHouse
1359,Extension Board,156,30,69aec72934dd66b7db34a1ee,Philips
1360,LED Lamp,181,7,69aec72934dd66b7db34a1ee,Philips
1361,Peanut Butter,400,23,69aec65b34dd66b7db34a1eb,Britannia
1362,Science Magazine,66,8,69aec6e934dd66b7db34a1ed,Scholastic
1363,Polo Shirt,325,18,69aec6a634dd66b7db34a1ec,H&M
1364,Mystery Novel,205,15,69aec6e934dd66b7db34a1ed,Penguin
1365,Formal Shirt,58,37,69aec6a634dd66b7db34a1ec,Puma
1366,Salted Chips,369,19,69aec65b34dd66b7db34a1eb,Nestle
1367,LED Lamp,312,36,69aec72934dd66b7db34a1ee,Boat
1368,Brown Bread,486,3,69aec65b34dd66b7db34a1eb,Amul
1369,Extension Board,203,23,69aec72934dd66b7db34a1ee,Boat
1370,Energy Bar,437,20,69aec65b34dd66b7db34a1eb,Britannia
1371,Electric Kettle,44,29,69aec72934dd66b7db34a1ee,Mi
1372,Brown Bread,472,16,69aec65b34dd66b7db34a1eb,Sunfeast
1373,Electric Kettle,442,24,69aec72934dd66b7db34a1ee,Philips
1374,Formal Shirt,119,46,69aec6a634dd66b7db34a1ec,H&M
1375,Granola Mix,76,18,69aec65b34dd66b7db34a1eb,Nestle
1376,Peanut Butter,51,47,69aec65b34dd66b7db34a1eb,Nestle
1377,History Textbook,83,12,69aec6e934dd66b7db34a1ed,Penguin
1378,Track Pants,127,15,69aec6a634dd66b7db34a1ec,H&M
1379,Denim Jeans,339,39,69aec6a634dd66b7db34a1ec,Adidas
1380,LED Lamp,89,31,69aec72934dd66b7db34a1ee,Sony
1381,Formal Shirt,62,31,69aec6a634dd66b7db34a1ec,Nike
1382,Energy Bar,105,50,69aec65b34dd66b7db34a1eb,Patanjali
1383,LED Lamp,419,8,69aec72934dd66b7db34a1ee,Philips
1384,Track Pants,408,49,69aec6a634dd66b7db34a1ec,Puma
1385,Wireless Mouse,118,36,69aec72934dd66b7db34a1ee,Mi
1386,Kurta,100,23,69aec6a634dd66b7db34a1ec,Nike
1387,Denim Jeans,471,16,69aec6a634dd66b7db34a1ec,Nike
1388,Brown Bread,355,18,69aec65b34dd66b7db34a1eb,Sunfeast
1389,Protein Shake,99,28,69aec65b34dd66b7db34a1eb,Patanjali
1390,Travel Guide,61,12,69aec6e934dd66b7db34a1ed,RandomHouse
1391,Energy Bar,212,26,69aec65b34dd66b7db34a1eb,Nestle
1392,Electric Kettle,357,33,69aec72934dd66b7db34a1ee,Philips
1393,Fantasy Novel,376,24,69aec6e934dd66b7db34a1ed,HarperCollins
1394,Brown Bread,220,18,69aec65b34dd66b7db34a1eb,Patanjali
1395,Bluetooth Speaker,358,46,69aec72934dd66b7db34a1ee,Samsung
1396,Wireless Mouse,28,14,69aec72934dd66b7db34a1ee,Samsung
1397,History Textbook,288,43,69aec6e934dd66b7db34a1ed,Penguin
1398,Cooking Book,86,33,69aec6e934dd66b7db34a1ed,Oxford
1399,Fruit Jam,365,21,69aec65b34dd66b7db34a1eb,Britannia
1400,Chocolate Cookies,327,6,69aec65b34dd66b7db34a1eb,Nestle
1401,Power Bank,16,2,69aec72934dd66b7db34a1ee,Sony
1402,Denim Jeans,170,25,69aec6a634dd66b7db34a1ec,Adidas
1403,Hoodie,223,24,69aec6a634dd66b7db34a1ec,Nike
1404,Peanut Butter,239,29,69aec65b34dd66b7db34a1eb,Sunfeast
1405,Fantasy Novel,457,46,69aec6e934dd66b7db34a1ed,Oxford
1406,Extension Board,334,3,69aec72934dd66b7db34a1ee,Philips
1407,Extension Board,255,36,69aec72934dd66b7db34a1ee,Boat
1408,Wireless Mouse,297,5,69aec72934dd66b7db34a1ee,Samsung
1409,Denim Jeans,447,43,69aec6a634dd66b7db34a1ec,Puma
1410,Electric Kettle,191,3,69aec72934dd66b7db34a1ee,Samsung
1411,Bluetooth Speaker,248,13,69aec72934dd66b7db34a1ee,Mi
1412,Track Pants,11,20,69aec6a634dd66b7db34a1ec,Nike
1413,Protein Shake,18,43,69aec65b34dd66b7db34a1eb,Britannia
1414,Science Magazine,221,31,69aec6e934dd66b7db34a1ed,HarperCollins
1415,Travel Guide,296,43,69aec6e934dd66b7db34a1ed,Oxford
1416,Electric Kettle,399,36,69aec72934dd66b7db34a1ee,Philips
1417,Science Magazine,177,30,69aec6e934dd66b7db34a1ed,RandomHouse
1418,Salted Chips,124,49,69aec65b34dd66b7db34a1eb,Patanjali
1419,Extension Board,394,2,69aec72934dd66b7db34a1ee,Boat
1420,Tech Handbook,452,3,69aec6e934dd66b7db34a1ed,RandomHouse
1421,LED Lamp,114,15,69aec72934dd66b7db34a1ee,Samsung
1422,Hoodie,172,11,69aec6a634dd66b7db34a1ec,Zara
1423,Bluetooth Speaker,357,31,69aec72934dd66b7db34a1ee,Sony
1424,Salted Chips,474,12,69aec65b34dd66b7db34a1eb,Amul
1425,History Textbook,231,48,69aec6e934dd66b7db34a1ed,RandomHouse
1426,Tech Handbook,395,36,69aec6e934dd66b7db34a1ed,RandomHouse
1427,Chocolate Cookies,95,48,69aec65b34dd66b7db34a1eb,Patanjali
1428,Travel Guide,31,10,69aec6e934dd66b7db34a1ed,Scholastic
1429,Science Magazine,21,48,69aec6e934dd66b7db34a1ed,HarperCollins
1430,Salted Chips,401,30,69aec65b34dd66b7db34a1eb,Patanjali
1431,Bluetooth Speaker,415,47,69aec72934dd66b7db34a1ee,Samsung
1432,Chocolate Cookies,475,6,69aec65b34dd66b7db34a1eb,Amul
1433,Chocolate Cookies,20,22,69aec65b34dd66b7db34a1eb,Nestle
1434,Electric Kettle,49,13,69aec72934dd66b7db34a1ee,Mi
1435,Cotton T-Shirt,333,41,69aec6a634dd66b7db34a1ec,Puma
1436,Hoodie,491,39,69aec6a634dd66b7db34a1ec,Zara
1437,Extension Board,161,43,69aec72934dd66b7db34a1ee,Philips
1438,Track Pants,417,6,69aec6a634dd66b7db34a1ec,H&M
1439,Tech Handbook,101,47,69aec6e934dd66b7db34a1ed,Oxford
1440,Formal Shirt,105,39,69aec6a634dd66b7db34a1ec,Puma
1441,Power Bank,75,41,69aec72934dd66b7db34a1ee,Philips
1442,Poetry Collection,323,21,69aec6e934dd66b7db34a1ed,Penguin
1443,Extension Board,61,30,69aec72934dd66b7db34a1ee,Boat
1444,Instant Noodles,171,15,69aec65b34dd66b7db34a1eb,Patanjali
1445,Electric Kettle,490,27,69aec72934dd66b7db34a1ee,Mi
1446,LED Lamp,330,34,69aec72934dd66b7db34a1ee,Mi
1447,Fruit Jam,102,41,69aec65b34dd66b7db34a1eb,Nestle
1448,Cooking Book,385,11,69aec6e934dd66b7db34a1ed,Oxford
1449,Chocolate Cookies,159,10,69aec65b34dd66b7db34a1eb,Patanjali
1450,Peanut Butter,417,18,69aec65b34dd66b7db34a1eb,Amul
1451,Instant Noodles,492,7,69aec65b34dd66b7db34a1eb,Amul
1452,Chocolate Cookies,454,12,69aec65b34dd66b7db34a1eb,Amul
1453,History Textbook,78,4,69aec6e934dd66b7db34a1ed,RandomHouse
1454,Chocolate Cookies,198,6,69aec65b34dd66b7db34a1eb,Sunfeast
1455,Cooking Book,144,30,69aec6e934dd66b7db34a1ed,RandomHouse
1456,Power Bank,141,49,69aec72934dd66b7db34a1ee,Sony
1457,Cooking Book,317,33,69aec6e934dd66b7db34a1ed,RandomHouse
1458,Sports Jacket,376,2,69aec6a634dd66b7db34a1ec,Zara
1459,Hoodie,255,12,69aec6a634dd66b7db34a1ec,Nike
1460,Peanut Butter,11,37,69aec65b34dd66b7db34a1eb,Sunfeast
1461,Tech Handbook,449,5,69aec6e934dd66b7db34a1ed,Penguin
1462,Hoodie,425,17,69aec6a634dd66b7db34a1ec,Adidas
1463,Wireless Mouse,334,27,69aec72934dd66b7db34a1ee,Mi
1464,Cotton T-Shirt,150,14,69aec6a634dd66b7db34a1ec,Puma
1465,Formal Shirt,417,43,69aec6a634dd66b7db34a1ec,Nike
1466,Cotton T-Shirt,442,2,69aec6a634dd66b7db34a1ec,Adidas
1467,Extension Board,368,26,69aec72934dd66b7db34a1ee,Boat
1468,Smart Plug,415,8,69aec72934dd66b7db34a1ee,Mi
1469,Salted Chips,404,21,69aec65b34dd66b7db34a1eb,Nestle
1470,Cotton T-Shirt,141,16,69aec6a634dd66b7db34a1ec,Adidas
1471,Chocolate Cookies,353,43,69aec65b34dd66b7db34a1eb,Britannia
1472,Travel Guide,267,13,69aec6e934dd66b7db34a1ed,HarperCollins
1473,Science Magazine,202,21,69aec6e934dd66b7db34a1ed,Penguin
1474,Wireless Mouse,399,20,69aec72934dd66b7db34a1ee,Samsung
1475,Fantasy Novel,397,13,69aec6e934dd66b7db34a1ed,Penguin
1476,Sweatshirt,29,48,69aec6a634dd66b7db34a1ec,H&M
1477,Organic Honey,25,7,69aec65b34dd66b7db34a1eb,Britannia
1478,Tech Handbook,31,27,69aec6e934dd66b7db34a1ed,Penguin
1479,Travel Guide,465,41,69aec6e934dd66b7db34a1ed,Oxford
1480,Instant Noodles,378,2,69aec65b34dd66b7db34a1eb,Patanjali
1481,Granola Mix,188,42,69aec65b34dd66b7db34a1eb,Sunfeast
1482,Kurta,469,47,69aec6a634dd66b7db34a1ec,Zara
1483,Electric Kettle,390,47,69aec72934dd66b7db34a1ee,Boat
1484,Bluetooth Speaker,411,20,69aec72934dd66b7db34a1ee,Boat
1485,Sports Jacket,404,34,69aec6a634dd66b7db34a1ec,H&M
1486,Travel Guide,376,40,69aec6e934dd66b7db34a1ed,HarperCollins
1487,Instant Noodles,400,12,69aec65b34dd66b7db34a1eb,Nestle
1488,Smart Plug,117,20,69aec72934dd66b7db34a1ee,Philips
1489,Denim Jeans,214,21,69aec6a634dd66b7db34a1ec,Puma
1490,Extension Board,332,11,69aec72934dd66b7db34a1ee,Philips
1491,Mystery Novel,478,35,69aec6e934dd66b7db34a1ed,HarperCollins
1492,Kurta,431,15,69aec6a634dd66b7db34a1ec,Puma
1493,Travel Guide,441,34,69aec6e934dd66b7db34a1ed,Scholastic
1494,Formal Shirt,482,42,69aec6a634dd66b7db34a1ec,Nike
1495,Power Bank,100,39,69aec72934dd66b7db34a1ee,Sony
1496,Track Pants,125,11,69aec6a634dd66b7db34a1ec,Adidas
1497,Mystery Novel,148,49,69aec6e934dd66b7db34a1ed,Oxford
1498,Travel Guide,391,4,69aec6e934dd66b7db34a1ed,Scholastic
1499,Polo Shirt,45,9,69aec6a634dd66b7db34a1ec,Nike
1500,Sweatshirt,142,31,69aec6a634dd66b7db34a1ec,Puma
1501,Denim Jeans,312,12,69aec6a634dd66b7db34a1ec,Nike
1502,Track Pants,303,5,69aec6a634dd66b7db34a1ec,H&M
1503,Power Bank,151,24,69aec72934dd66b7db34a1ee,Sony
1504,Cotton T-Shirt,114,25,69aec6a634dd66b7db34a1ec,Nike
1505,Cooking Book,339,23,69aec6e934dd66b7db34a1ed,RandomHouse
1506,LED Lamp,415,44,69aec72934dd66b7db34a1ee,Boat
1507,Sports Jacket,54,28,69aec6a634dd66b7db34a1ec,Nike
1508,Kurta,201,13,69aec6a634dd66b7db34a1ec,Adidas
1509,Travel Guide,229,6,69aec6e934dd66b7db34a1ed,Scholastic
1510,Energy Bar,62,38,69aec65b34dd66b7db34a1eb,Britannia
1511,Wireless Mouse,236,29,69aec72934dd66b7db34a1ee,Boat
1512,Cotton T-Shirt,335,18,69aec6a634dd66b7db34a1ec,Puma
1513,Energy Bar,494,26,69aec65b34dd66b7db34a1eb,Amul
1514,Kurta,341,48,69aec6a634dd66b7db34a1ec,Adidas
1515,History Textbook,238,22,69aec6e934dd66b7db34a1ed,HarperCollins
1516,Brown Bread,456,50,69aec65b34dd66b7db34a1eb,Patanjali
1517,History Textbook,339,14,69aec6e934dd66b7db34a1ed,Scholastic
1518,LED Lamp,77,18,69aec72934dd66b7db34a1ee,Samsung
1519,Bluetooth Speaker,37,22,69aec72934dd66b7db34a1ee,Philips
1520,USB Hub,364,41,69aec72934dd66b7db34a1ee,Samsung
1521,Mystery Novel,317,36,69aec6e934dd66b7db34a1ed,Scholastic
1522,Mystery Novel,116,26,69aec6e934dd66b7db34a1ed,RandomHouse
1523,Poetry Collection,158,2,69aec6e934dd66b7db34a1ed,HarperCollins
1524,Brown Bread,334,50,69aec65b34dd66b7db34a1eb,Britannia
1525,Travel Guide,6,33,69aec6e934dd66b7db34a1ed,HarperCollins
1526,Smart Plug,270,6,69aec72934dd66b7db34a1ee,Boat
1527,Instant Noodles,137,27,69aec65b34dd66b7db34a1eb,Nestle
1528,Sports Jacket,375,21,69aec6a634dd66b7db34a1ec,Zara
1529,Tech Handbook,151,22,69aec6e934dd66b7db34a1ed,Scholastic
1530,LED Lamp,44,3,69aec72934dd66b7db34a1ee,Mi
1531,Granola Mix,16,27,69aec65b34dd66b7db34a1eb,Nestle
1532,Sweatshirt,462,46,69aec6a634dd66b7db34a1ec,Puma
1533,Shorts,6,40,69aec6a634dd66b7db34a1ec,Nike
1534,Chocolate Cookies,13,12,69aec65b34dd66b7db34a1eb,Nestle
1535,Instant Noodles,401,29,69aec65b34dd66b7db34a1eb,Amul
1536,Power Bank,204,23,69aec72934dd66b7db34a1ee,Mi
1537,Sweatshirt,336,39,69aec6a634dd66b7db34a1ec,Zara
1538,Tech Handbook,211,48,69aec6e934dd66b7db34a1ed,Oxford
1539,Smart Plug,63,27,69aec72934dd66b7db34a1ee,Mi
1540,USB Hub,185,4,69aec72934dd66b7db34a1ee,Samsung
1541,Smart Plug,46,19,69aec72934dd66b7db34a1ee,Samsung
1542,Extension Board,201,25,69aec72934dd66b7db34a1ee,Samsung
1543,Hoodie,200,38,69aec6a634dd66b7db34a1ec,Adidas
1544,Granola Mix,298,45,69aec65b34dd66b7db34a1eb,Britannia
1545,Fruit Jam,431,14,69aec65b34dd66b7db34a1eb,Amul
1546,Mystery Novel,127,8,69aec6e934dd66b7db34a1ed,Penguin
1547,Polo Shirt,204,36,69aec6a634dd66b7db34a1ec,Puma
1548,Fruit Jam,343,4,69aec65b34dd66b7db34a1eb,Britannia
1549,Science Magazine,453,19,69aec6e934dd66b7db34a1ed,Scholastic
1550,LED Lamp,264,15,69aec72934dd66b7db34a1ee,Sony
1551,Brown Bread,484,21,69aec65b34dd66b7db34a1eb,Britannia
1552,Peanut Butter,101,46,69aec65b34dd66b7db34a1eb,Sunfeast
1553,Smart Plug,424,40,69aec72934dd66b7db34a1ee,Samsung
1554,Travel Guide,154,10,69aec6e934dd66b7db34a1ed,Penguin
1555,Bluetooth Speaker,355,22,69aec72934dd66b7db34a1ee,Samsung
1556,Kurta,107,34,69aec6a634dd66b7db34a1ec,H&M
1557,LED Lamp,138,22,69aec72934dd66b7db34a1ee,Samsung
1558,Mystery Novel,33,18,69aec6e934dd66b7db34a1ed,Scholastic
1559,Poetry Collection,473,41,69aec6e934dd66b7db34a1ed,Scholastic
1560,Peanut Butter,267,12,69aec65b34dd66b7db34a1eb,Sunfeast
1561,Fruit Jam,273,25,69aec65b34dd66b7db34a1eb,Sunfeast
1562,Formal Shirt,379,2,69aec6a634dd66b7db34a1ec,Adidas
1563,Fruit Jam,457,36,69aec65b34dd66b7db34a1eb,Britannia
1564,Peanut Butter,339,40,69aec65b34dd66b7db34a1eb,Britannia
1565,Science Magazine,318,29,69aec6e934dd66b7db34a1ed,HarperCollins
1566,Cooking Book,158,38,69aec6e934dd66b7db34a1ed,RandomHouse
1567,Science Magazine,480,7,69aec6e934dd66b7db34a1ed,Penguin
1568,Wireless Mouse,194,49,69aec72934dd66b7db34a1ee,Boat
1569,Bluetooth Speaker,412,22,69aec72934dd66b7db34a1ee,Philips
1570,Brown Bread,123,7,69aec65b34dd66b7db34a1eb,Britannia
1571,Protein Shake,26,46,69aec65b34dd66b7db34a1eb,Sunfeast
1572,Formal Shirt,343,33,69aec6a634dd66b7db34a1ec,H&M
1573,Tech Handbook,407,6,69aec6e934dd66b7db34a1ed,HarperCollins
1574,Travel Guide,164,44,69aec6e934dd66b7db34a1ed,RandomHouse
1575,Kurta,84,18,69aec6a634dd66b7db34a1ec,Adidas
1576,Granola Mix,435,10,69aec65b34dd66b7db34a1eb,Britannia
1577,Protein Shake,299,2,69aec65b34dd66b7db34a1eb,Sunfeast
1578,Instant Noodles,51,24,69aec65b34dd66b7db34a1eb,Sunfeast
1579,Cooking Book,202,14,69aec6e934dd66b7db34a1ed,Scholastic
1580,Poetry Collection,460,17,69aec6e934dd66b7db34a1ed,Penguin
1581,Fruit Jam,230,42,69aec65b34dd66b7db34a1eb,Patanjali
1582,Mystery Novel,405,50,69aec6e934dd66b7db34a1ed,Oxford
1583,Shorts,478,50,69aec6a634dd66b7db34a1ec,Adidas
1584,Hoodie,160,42,69aec6a634dd66b7db34a1ec,Zara
1585,Cotton T-Shirt,37,18,69aec6a634dd66b7db34a1ec,H&M
1586,USB Hub,89,20,69aec72934dd66b7db34a1ee,Boat
1587,Chocolate Cookies,309,50,69aec65b34dd66b7db34a1eb,Britannia
1588,Travel Guide,260,6,69aec6e934dd66b7db34a1ed,HarperCollins
1589,Poetry Collection,98,44,69aec6e934dd66b7db34a1ed,RandomHouse
1590,Hoodie,24,34,69aec6a634dd66b7db34a1ec,Zara
1591,Smart Plug,438,36,69aec72934dd66b7db34a1ee,Boat
1592,Energy Bar,285,30,69aec65b34dd66b7db34a1eb,Nestle
1593,Fruit Jam,13,4,69aec65b34dd66b7db34a1eb,Sunfeast
1594,Poetry Collection,74,50,69aec6e934dd66b7db34a1ed,HarperCollins
1595,Denim Jeans,420,20,69aec6a634dd66b7db34a1ec,H&M
1596,Sweatshirt,129,49,69aec6a634dd66b7db34a1ec,Zara
1597,Instant Noodles,493,6,69aec65b34dd66b7db34a1eb,Sunfeast
1598,USB Hub,236,27,69aec72934dd66b7db34a1ee,Boat
1599,USB Hub,149,20,69aec72934dd66b7db34a1ee,Boat
1600,Electric Kettle,467,40,69aec72934dd66b7db34a1ee,Boat
1601,USB Hub,130,36,69aec72934dd66b7db34a1ee,Philips
1602,Fantasy Novel,294,41,69aec6e934dd66b7db34a1ed,Oxford
1603,Hoodie,347,41,69aec6a634dd66b7db34a1ec,H&M
1604,Chocolate Cookies,218,18,69aec65b34dd66b7db34a1eb,Patanjali
1605,Peanut Butter,274,4,69aec65b34dd66b7db34a1eb,Patanjali
1606,History Textbook,300,14,69aec6e934dd66b7db34a1ed,RandomHouse
1607,Energy Bar,56,14,69aec65b34dd66b7db34a1eb,Amul
1608,Shorts,168,47,69aec6a634dd66b7db34a1ec,Zara
1609,Cooking Book,104,13,69aec6e934dd66b7db34a1ed,Penguin
1610,Organic Honey,217,25,69aec65b34dd66b7db34a1eb,Patanjali
1611,Electric Kettle,345,50,69aec72934dd66b7db34a1ee,Mi
1612,Shorts,97,18,69aec6a634dd66b7db34a1ec,Puma
1613,USB Hub,493,47,69aec72934dd66b7db34a1ee,Sony
1614,Sweatshirt,396,2,69aec6a634dd66b7db34a1ec,Nike
1615,Instant Noodles,203,30,69aec65b34dd66b7db34a1eb,Amul
1616,Chocolate Cookies,105,35,69aec65b34dd66b7db34a1eb,Amul
1617,Bluetooth Speaker,73,5,69aec72934dd66b7db34a1ee,Mi
1618,Fantasy Novel,177,24,69aec6e934dd66b7db34a1ed,Penguin
1619,History Textbook,435,34,69aec6e934dd66b7db34a1ed,HarperCollins
1620,Energy Bar,344,47,69aec65b34dd66b7db34a1eb,Amul
1621,USB Hub,362,38,69aec72934dd66b7db34a1ee,Sony
1622,Bluetooth Speaker,266,50,69aec72934dd66b7db34a1ee,Sony
1623,Poetry Collection,211,9,69aec6e934dd66b7db34a1ed,Scholastic
1624,Brown Bread,13,5,69aec65b34dd66b7db34a1eb,Nestle
1625,Cooking Book,398,26,69aec6e934dd66b7db34a1ed,Penguin
1626,Bluetooth Speaker,62,31,69aec72934dd66b7db34a1ee,Sony
1627,Electric Kettle,426,4,69aec72934dd66b7db34a1ee,Philips
1628,Electric Kettle,386,39,69aec72934dd66b7db34a1ee,Philips
1629,Mystery Novel,171,14,69aec6e934dd66b7db34a1ed,Oxford
1630,LED Lamp,367,24,69aec72934dd66b7db34a1ee,Samsung
1631,Salted Chips,364,25,69aec65b34dd66b7db34a1eb,Patanjali
1632,Poetry Collection,465,43,69aec6e934dd66b7db34a1ed,Penguin
1633,Mystery Novel,84,29,69aec6e934dd66b7db34a1ed,HarperCollins
1634,Power Bank,253,31,69aec72934dd66b7db34a1ee,Philips
1635,Bluetooth Speaker,401,34,69aec72934dd66b7db34a1ee,Philips
1636,Tech Handbook,397,11,69aec6e934dd66b7db34a1ed,HarperCollins
1637,Electric Kettle,351,15,69aec72934dd66b7db34a1ee,Sony
1638,Polo Shirt,266,38,69aec6a634dd66b7db34a1ec,Nike
1639,Peanut Butter,266,44,69aec65b34dd66b7db34a1eb,Britannia
1640,Protein Shake,21,5,69aec65b34dd66b7db34a1eb,Patanjali
1641,Electric Kettle,324,11,69aec72934dd66b7db34a1ee,Samsung
1642,Science Magazine,218,13,69aec6e934dd66b7db34a1ed,Oxford
1643,Mystery Novel,480,12,69aec6e934dd66b7db34a1ed,HarperCollins
1644,Instant Noodles,11,36,69aec65b34dd66b7db34a1eb,Sunfeast
1645,Kurta,470,15,69aec6a634dd66b7db34a1ec,Nike
1646,Cooking Book,33,34,69aec6e934dd66b7db34a1ed,RandomHouse
1647,Energy Bar,126,20,69aec65b34dd66b7db34a1eb,Nestle
1648,Wireless Mouse,42,49,69aec72934dd66b7db34a1ee,Philips
1649,Hoodie,202,42,69aec6a634dd66b7db34a1ec,H&M
1650,Power Bank,235,33,69aec72934dd66b7db34a1ee,Philips
1651,Granola Mix,161,16,69aec65b34dd66b7db34a1eb,Sunfeast
1652,Bluetooth Speaker,470,45,69aec72934dd66b7db34a1ee,Boat
1653,LED Lamp,366,48,69aec72934dd66b7db34a1ee,Samsung
1654,History Textbook,179,43,69aec6e934dd66b7db34a1ed,Oxford
1655,Salted Chips,215,21,69aec65b34dd66b7db34a1eb,Sunfeast
1656,Extension Board,432,24,69aec72934dd66b7db34a1ee,Boat
1657,Electric Kettle,498,29,69aec72934dd66b7db34a1ee,Philips
1658,Hoodie,248,49,69aec6a634dd66b7db34a1ec,Nike
1659,Formal Shirt,404,28,69aec6a634dd66b7db34a1ec,Nike
1660,Granola Mix,290,39,69aec65b34dd66b7db34a1eb,Sunfeast
1661,Denim Jeans,166,3,69aec6a634dd66b7db34a1ec,Nike
1662,Electric Kettle,249,38,69aec72934dd66b7db34a1ee,Sony
1663,Power Bank,98,34,69aec72934dd66b7db34a1ee,Sony
1664,Protein Shake,139,43,69aec65b34dd66b7db34a1eb,Patanjali
1665,Sweatshirt,328,39,69aec6a634dd66b7db34a1ec,Puma
1666,Track Pants,358,46,69aec6a634dd66b7db34a1ec,Zara
1667,USB Hub,450,19,69aec72934dd66b7db34a1ee,Mi
1668,Formal Shirt,174,42,69aec6a634dd66b7db34a1ec,Puma
1669,Science Magazine,267,6,69aec6e934dd66b7db34a1ed,Scholastic
1670,Denim Jeans,373,36,69aec6a634dd66b7db34a1ec,Zara
1671,Extension Board,274,11,69aec72934dd66b7db34a1ee,Boat
1672,Science Magazine,238,27,69aec6e934dd66b7db34a1ed,Scholastic
1673,Tech Handbook,73,15,69aec6e934dd66b7db34a1ed,HarperCollins
1674,Sports Jacket,282,34,69aec6a634dd66b7db34a1ec,Adidas
1675,Formal Shirt,336,40,69aec6a634dd66b7db34a1ec,Puma
1676,Peanut Butter,35,28,69aec65b34dd66b7db34a1eb,Nestle
1677,Instant Noodles,42,25,69aec65b34dd66b7db34a1eb,Patanjali
1678,Mystery Novel,87,15,69aec6e934dd66b7db34a1ed,Penguin
1679,Peanut Butter,299,9,69aec65b34dd66b7db34a1eb,Sunfeast
1680,Chocolate Cookies,162,49,69aec65b34dd66b7db34a1eb,Nestle
1681,Extension Board,61,29,69aec72934dd66b7db34a1ee,Boat
1682,Instant Noodles,188,38,69aec65b34dd66b7db34a1eb,Patanjali
1683,History Textbook,214,47,69aec6e934dd66b7db34a1ed,Penguin
1684,Denim Jeans,342,28,69aec6a634dd66b7db34a1ec,Nike
1685,Formal Shirt,134,40,69aec6a634dd66b7db34a1ec,Puma
1686,Travel Guide,224,21,69aec6e934dd66b7db34a1ed,RandomHouse
1687,Cooking Book,295,36,69aec6e934dd66b7db34a1ed,Scholastic
1688,Cotton T-Shirt,178,47,69aec6a634dd66b7db34a1ec,H&M
1689,LED Lamp,94,48,69aec72934dd66b7db34a1ee,Mi
1690,LED Lamp,61,41,69aec72934dd66b7db34a1ee,Philips
1691,Peanut Butter,147,49,69aec65b34dd66b7db34a1eb,Britannia
1692,Smart Plug,91,38,69aec72934dd66b7db34a1ee,Philips
1693,Extension Board,252,17,69aec72934dd66b7db34a1ee,Samsung
1694,Track Pants,432,10,69aec6a634dd66b7db34a1ec,Nike
1695,Mystery Novel,173,26,69aec6e934dd66b7db34a1ed,Penguin
1696,Electric Kettle,375,44,69aec72934dd66b7db34a1ee,Samsung
1697,History Textbook,198,50,69aec6e934dd66b7db34a1ed,HarperCollins
1698,Protein Shake,283,24,69aec65b34dd66b7db34a1eb,Nestle
1699,Cooking Book,212,42,69aec6e934dd66b7db34a1ed,HarperCollins
1700,Peanut Butter,32,41,69aec65b34dd66b7db34a1eb,Patanjali
1701,Sports Jacket,432,17,69aec6a634dd66b7db34a1ec,Adidas
1702,Organic Honey,392,9,69aec65b34dd66b7db34a1eb,Britannia
1703,USB Hub,40,49,69aec72934dd66b7db34a1ee,Sony
1704,Denim Jeans,78,32,69aec6a634dd66b7db34a1ec,Zara
1705,Granola Mix,305,36,69aec65b34dd66b7db34a1eb,Britannia
1706,Cotton T-Shirt,8,22,69aec6a634dd66b7db34a1ec,Zara
1707,Denim Jeans,379,43,69aec6a634dd66b7db34a1ec,H&M
1708,Formal Shirt,29,8,69aec6a634dd66b7db34a1ec,Nike
1709,Track Pants,302,33,69aec6a634dd66b7db34a1ec,Nike
1710,Shorts,254,23,69aec6a634dd66b7db34a1ec,Puma
1711,History Textbook,269,41,69aec6e934dd66b7db34a1ed,Penguin
1712,Travel Guide,265,5,69aec6e934dd66b7db34a1ed,Scholastic
1713,Electric Kettle,426,9,69aec72934dd66b7db34a1ee,Samsung
1714,Sweatshirt,409,7,69aec6a634dd66b7db34a1ec,Zara
1715,Protein Shake,499,4,69aec65b34dd66b7db34a1eb,Sunfeast
1716,Science Magazine,35,42,69aec6e934dd66b7db34a1ed,Penguin
1717,Hoodie,428,40,69aec6a634dd66b7db34a1ec,Zara
1718,Peanut Butter,69,47,69aec65b34dd66b7db34a1eb,Britannia
1719,Travel Guide,268,26,69aec6e934dd66b7db34a1ed,Penguin
1720,LED Lamp,241,41,69aec72934dd66b7db34a1ee,Boat
1721,Brown Bread,485,23,69aec65b34dd66b7db34a1eb,Patanjali
1722,LED Lamp,151,11,69aec72934dd66b7db34a1ee,Samsung
1723,Poetry Collection,210,39,69aec6e934dd66b7db34a1ed,Penguin
1724,History Textbook,334,12,69aec6e934dd66b7db34a1ed,HarperCollins
1725,Power Bank,167,30,69aec72934dd66b7db34a1ee,Mi
1726,Science Magazine,278,11,69aec6e934dd66b7db34a1ed,Scholastic
1727,Shorts,107,45,69aec6a634dd66b7db34a1ec,Nike
1728,Polo Shirt,160,49,69aec6a634dd66b7db34a1ec,Nike
1729,Kurta,212,25,69aec6a634dd66b7db34a1ec,H&M
1730,Brown Bread,80,19,69aec65b34dd66b7db34a1eb,Sunfeast
1731,Sweatshirt,245,12,69aec6a634dd66b7db34a1ec,Zara
1732,Wireless Mouse,202,27,69aec72934dd66b7db34a1ee,Boat
1733,Sweatshirt,426,28,69aec6a634dd66b7db34a1ec,Nike
1734,Extension Board,144,48,69aec72934dd66b7db34a1ee,Boat
1735,Polo Shirt,349,42,69aec6a634dd66b7db34a1ec,Zara
1736,Cotton T-Shirt,5,36,69aec6a634dd66b7db34a1ec,Zara
1737,Salted Chips,79,40,69aec65b34dd66b7db34a1eb,Sunfeast
1738,Extension Board,107,12,69aec72934dd66b7db34a1ee,Sony
1739,Science Magazine,331,24,69aec6e934dd66b7db34a1ed,Scholastic
1740,Instant Noodles,132,45,69aec65b34dd66b7db34a1eb,Sunfeast
1741,Track Pants,323,22,69aec6a634dd66b7db34a1ec,Zara
1742,Denim Jeans,396,18,69aec6a634dd66b7db34a1ec,Zara
1743,Denim Jeans,311,24,69aec6a634dd66b7db34a1ec,Puma
1744,Electric Kettle,385,38,69aec72934dd66b7db34a1ee,Sony
1745,Granola Mix,394,44,69aec65b34dd66b7db34a1eb,Britannia
1746,Energy Bar,56,30,69aec65b34dd66b7db34a1eb,Nestle
1747,Poetry Collection,112,40,69aec6e934dd66b7db34a1ed,Oxford
1748,Bluetooth Speaker,253,12,69aec72934dd66b7db34a1ee,Samsung
1749,Brown Bread,403,36,69aec65b34dd66b7db34a1eb,Amul
1750,Smart Plug,409,11,69aec72934dd66b7db34a1ee,Mi
1751,USB Hub,211,45,69aec72934dd66b7db34a1ee,Boat
1752,Electric Kettle,266,11,69aec72934dd66b7db34a1ee,Samsung
1753,History Textbook,65,5,69aec6e934dd66b7db34a1ed,RandomHouse
1754,Poetry Collection,321,50,69aec6e934dd66b7db34a1ed,Scholastic
1755,Denim Jeans,245,8,69aec6a634dd66b7db34a1ec,Nike
1756,Salted Chips,484,47,69aec65b34dd66b7db34a1eb,Sunfeast
1757,Bluetooth Speaker,450,38,69aec72934dd66b7db34a1ee,Philips
1758,Extension Board,95,41,69aec72934dd66b7db34a1ee,Mi
1759,Electric Kettle,20,16,69aec72934dd66b7db34a1ee,Mi
1760,Cooking Book,306,34,69aec6e934dd66b7db34a1ed,Penguin
1761,Granola Mix,242,19,69aec65b34dd66b7db34a1eb,Amul
1762,Salted Chips,279,40,69aec65b34dd66b7db34a1eb,Sunfeast
1763,Cotton T-Shirt,476,29,69aec6a634dd66b7db34a1ec,Zara
1764,Mystery Novel,219,10,69aec6e934dd66b7db34a1ed,Oxford
1765,Electric Kettle,414,41,69aec72934dd66b7db34a1ee,Mi
1766,Salted Chips,95,14,69aec65b34dd66b7db34a1eb,Nestle
1767,Salted Chips,182,33,69aec65b34dd66b7db34a1eb,Nestle
1768,Electric Kettle,238,27,69aec72934dd66b7db34a1ee,Samsung
1769,Salted Chips,259,20,69aec65b34dd66b7db34a1eb,Sunfeast
1770,Extension Board,295,28,69aec72934dd66b7db34a1ee,Boat
1771,Bluetooth Speaker,256,44,69aec72934dd66b7db34a1ee,Mi
1772,Salted Chips,12,22,69aec65b34dd66b7db34a1eb,Sunfeast
1773,Fruit Jam,178,28,69aec65b34dd66b7db34a1eb,Britannia
1774,History Textbook,170,25,69aec6e934dd66b7db34a1ed,HarperCollins
1775,Wireless Mouse,402,39,69aec72934dd66b7db34a1ee,Philips
1776,Kurta,367,10,69aec6a634dd66b7db34a1ec,Nike
1777,Tech Handbook,384,25,69aec6e934dd66b7db34a1ed,RandomHouse
1778,Fruit Jam,424,35,69aec65b34dd66b7db34a1eb,Britannia
1779,History Textbook,261,31,69aec6e934dd66b7db34a1ed,Penguin
1780,Granola Mix,124,20,69aec65b34dd66b7db34a1eb,Nestle
1781,Granola Mix,319,22,69aec65b34dd66b7db34a1eb,Amul
1782,Chocolate Cookies,324,34,69aec65b34dd66b7db34a1eb,Patanjali
1783,Smart Plug,152,28,69aec72934dd66b7db34a1ee,Samsung
1784,Salted Chips,76,2,69aec65b34dd66b7db34a1eb,Sunfeast
1785,Polo Shirt,304,13,69aec6a634dd66b7db34a1ec,Adidas
1786,Tech Handbook,308,42,69aec6e934dd66b7db34a1ed,Scholastic
1787,Tech Handbook,401,48,69aec6e934dd66b7db34a1ed,Scholastic
1788,Polo Shirt,469,42,69aec6a634dd66b7db34a1ec,Adidas
1789,Science Magazine,441,25,69aec6e934dd66b7db34a1ed,Oxford
1790,Electric Kettle,125,9,69aec72934dd66b7db34a1ee,Boat
1791,Wireless Mouse,374,34,69aec72934dd66b7db34a1ee,Philips
1792,Bluetooth Speaker,415,49,69aec72934dd66b7db34a1ee,Sony
1793,Electric Kettle,101,46,69aec72934dd66b7db34a1ee,Sony
1794,Shorts,199,37,69aec6a634dd66b7db34a1ec,Nike
1795,Denim Jeans,390,5,69aec6a634dd66b7db34a1ec,H&M
1796,Electric Kettle,57,28,69aec72934dd66b7db34a1ee,Philips
1797,Organic Honey,116,7,69aec65b34dd66b7db34a1eb,Nestle
1798,Sweatshirt,483,3,69aec6a634dd66b7db34a1ec,Puma
1799,Peanut Butter,391,18,69aec65b34dd66b7db34a1eb,Amul
1800,Instant Noodles,143,20,69aec65b34dd66b7db34a1eb,Britannia
1801,Cotton T-Shirt,488,44,69aec6a634dd66b7db34a1ec,H&M
1802,Sweatshirt,309,8,69aec6a634dd66b7db34a1ec,H&M
1803,Chocolate Cookies,441,12,69aec65b34dd66b7db34a1eb,Britannia
1804,Science Magazine,485,24,69aec6e934dd66b7db34a1ed,Penguin
1805,Brown Bread,379,18,69aec65b34dd66b7db34a1eb,Patanjali
1806,Smart Plug,280,40,69aec72934dd66b7db34a1ee,Sony
1807,Track Pants,171,43,69aec6a634dd66b7db34a1ec,H&M
1808,Granola Mix,378,23,69aec65b34dd66b7db34a1eb,Sunfeast
1809,Bluetooth Speaker,424,29,69aec72934dd66b7db34a1ee,Sony
1810,Hoodie,325,44,69aec6a634dd66b7db34a1ec,H&M
1811,Peanut Butter,284,9,69aec65b34dd66b7db34a1eb,Patanjali
1812,Energy Bar,85,45,69aec65b34dd66b7db34a1eb,Amul
1813,Organic Honey,240,46,69aec65b34dd66b7db34a1eb,Nestle
1814,Brown Bread,80,33,69aec65b34dd66b7db34a1eb,Britannia
1815,USB Hub,240,27,69aec72934dd66b7db34a1ee,Sony
1816,USB Hub,88,19,69aec72934dd66b7db34a1ee,Boat
1817,Organic Honey,122,28,69aec65b34dd66b7db34a1eb,Patanjali
1818,Bluetooth Speaker,410,3,69aec72934dd66b7db34a1ee,Boat
1819,Extension Board,485,47,69aec72934dd66b7db34a1ee,Samsung
1820,LED Lamp,453,47,69aec72934dd66b7db34a1ee,Boat
1821,Tech Handbook,12,7,69aec6e934dd66b7db34a1ed,HarperCollins
1822,Fruit Jam,75,19,69aec65b34dd66b7db34a1eb,Amul
1823,Cooking Book,331,45,69aec6e934dd66b7db34a1ed,HarperCollins
1824,Peanut Butter,328,34,69aec65b34dd66b7db34a1eb,Nestle
1825,Fantasy Novel,215,14,69aec6e934dd66b7db34a1ed,Scholastic
1826,Tech Handbook,329,10,69aec6e934dd66b7db34a1ed,Penguin
1827,Extension Board,321,47,69aec72934dd66b7db34a1ee,Samsung
1828,Fantasy Novel,427,50,69aec6e934dd66b7db34a1ed,RandomHouse
1829,Organic Honey,222,26,69aec65b34dd66b7db34a1eb,Britannia
1830,Bluetooth Speaker,432,2,69aec72934dd66b7db34a1ee,Mi
1831,Granola Mix,256,11,69aec65b34dd66b7db34a1eb,Sunfeast
1832,Travel Guide,479,8,69aec6e934dd66b7db34a1ed,Scholastic
1833,Tech Handbook,360,14,69aec6e934dd66b7db34a1ed,Oxford
1834,Wireless Mouse,59,47,69aec72934dd66b7db34a1ee,Mi
1835,Electric Kettle,455,21,69aec72934dd66b7db34a1ee,Mi
1836,Cooking Book,373,17,69aec6e934dd66b7db34a1ed,Penguin
1837,History Textbook,407,18,69aec6e934dd66b7db34a1ed,RandomHouse
1838,Track Pants,386,26,69aec6a634dd66b7db34a1ec,H&M
1839,Sports Jacket,160,12,69aec6a634dd66b7db34a1ec,Zara
1840,Fruit Jam,183,43,69aec65b34dd66b7db34a1eb,Amul
1841,Sweatshirt,362,42,69aec6a634dd66b7db34a1ec,Puma
1842,Sweatshirt,109,50,69aec6a634dd66b7db34a1ec,Nike
1843,Fantasy Novel,193,20,69aec6e934dd66b7db34a1ed,Scholastic
1844,History Textbook,466,44,69aec6e934dd66b7db34a1ed,Penguin
1845,Sweatshirt,409,10,69aec6a634dd66b7db34a1ec,Adidas
1846,Chocolate Cookies,255,38,69aec65b34dd66b7db34a1eb,Patanjali
1847,Shorts,353,28,69aec6a634dd66b7db34a1ec,Puma
1848,Sports Jacket,382,45,69aec6a634dd66b7db34a1ec,Zara
1849,Brown Bread,86,26,69aec65b34dd66b7db34a1eb,Nestle
1850,Travel Guide,438,33,69aec6e934dd66b7db34a1ed,RandomHouse
1851,Electric Kettle,231,12,69aec72934dd66b7db34a1ee,Sony
1852,Bluetooth Speaker,249,14,69aec72934dd66b7db34a1ee,Sony
1853,Fruit Jam,83,15,69aec65b34dd66b7db34a1eb,Britannia
1854,Smart Plug,204,44,69aec72934dd66b7db34a1ee,Mi
1855,USB Hub,95,49,69aec72934dd66b7db34a1ee,Mi
1856,Protein Shake,337,3,69aec65b34dd66b7db34a1eb,Britannia
1857,Instant Noodles,88,17,69aec65b34dd66b7db34a1eb,Amul
1858,Protein Shake,143,30,69aec65b34dd66b7db34a1eb,Patanjali
1859,Denim Jeans,444,20,69aec6a634dd66b7db34a1ec,Zara
1860,Sports Jacket,475,47,69aec6a634dd66b7db34a1ec,Nike
1861,Formal Shirt,49,43,69aec6a634dd66b7db34a1ec,Nike
1862,Organic Honey,456,14,69aec65b34dd66b7db34a1eb,Nestle
1863,Fantasy Novel,460,24,69aec6e934dd66b7db34a1ed,Scholastic
1864,Salted Chips,358,28,69aec65b34dd66b7db34a1eb,Sunfeast
1865,Wireless Mouse,358,47,69aec72934dd66b7db34a1ee,Boat
1866,Power Bank,42,29,69aec72934dd66b7db34a1ee,Samsung
1867,Granola Mix,473,44,69aec65b34dd66b7db34a1eb,Nestle
1868,Instant Noodles,23,38,69aec65b34dd66b7db34a1eb,Patanjali
1869,Power Bank,383,8,69aec72934dd66b7db34a1ee,Boat
1870,Organic Honey,28,35,69aec65b34dd66b7db34a1eb,Patanjali
1871,Hoodie,321,31,69aec6a634dd66b7db34a1ec,Nike
1872,Electric Kettle,244,8,69aec72934dd66b7db34a1ee,Samsung
1873,Wireless Mouse,61,21,69aec72934dd66b7db34a1ee,Mi
1874,Tech Handbook,378,47,69aec6e934dd66b7db34a1ed,Penguin
1875,Chocolate Cookies,279,41,69aec65b34dd66b7db34a1eb,Sunfeast
1876,Energy Bar,308,6,69aec65b34dd66b7db34a1eb,Nestle
1877,Chocolate Cookies,21,21,69aec65b34dd66b7db34a1eb,Britannia
1878,Tech Handbook,49,3,69aec6e934dd66b7db34a1ed,Scholastic
1879,Track Pants,418,12,69aec6a634dd66b7db34a1ec,Nike
1880,Science Magazine,36,44,69aec6e934dd66b7db34a1ed,HarperCollins
1881,Granola Mix,416,26,69aec65b34dd66b7db34a1eb,Nestle
1882,History Textbook,469,14,69aec6e934dd66b7db34a1ed,Oxford
1883,Cooking Book,39,25,69aec6e934dd66b7db34a1ed,Scholastic
1884,Sweatshirt,367,9,69aec6a634dd66b7db34a1ec,Nike
1885,Cooking Book,191,36,69aec6e934dd66b7db34a1ed,Oxford
1886,Formal Shirt,211,8,69aec6a634dd66b7db34a1ec,Adidas
1887,Tech Handbook,392,2,69aec6e934dd66b7db34a1ed,RandomHouse
1888,Instant Noodles,64,25,69aec65b34dd66b7db34a1eb,Patanjali
1889,Instant Noodles,418,6,69aec65b34dd66b7db34a1eb,Amul
1890,Poetry Collection,7,6,69aec6e934dd66b7db34a1ed,RandomHouse
1891,Salted Chips,294,28,69aec65b34dd66b7db34a1eb,Nestle
1892,Granola Mix,252,36,69aec65b34dd66b7db34a1eb,Sunfeast
1893,Instant Noodles,11,41,69aec65b34dd66b7db34a1eb,Amul
1894,LED Lamp,9,23,69aec72934dd66b7db34a1ee,Philips
1895,History Textbook,394,49,69aec6e934dd66b7db34a1ed,RandomHouse
1896,Protein Shake,472,19,69aec65b34dd66b7db34a1eb,Nestle
1897,Bluetooth Speaker,161,28,69aec72934dd66b7db34a1ee,Boat
1898,Kurta,263,37,69aec6a634dd66b7db34a1ec,Puma
1899,Formal Shirt,80,29,69aec6a634dd66b7db34a1ec,Puma
1900,Chocolate Cookies,119,35,69aec65b34dd66b7db34a1eb,Amul
1901,Chocolate Cookies,278,32,69aec65b34dd66b7db34a1eb,Amul
1902,Extension Board,173,23,69aec72934dd66b7db34a1ee,Mi
1903,LED Lamp,115,9,69aec72934dd66b7db34a1ee,Samsung
1904,Electric Kettle,255,7,69aec72934dd66b7db34a1ee,Mi
1905,LED Lamp,74,30,69aec72934dd66b7db34a1ee,Mi
1906,Hoodie,433,15,69aec6a634dd66b7db34a1ec,H&M
1907,Tech Handbook,398,38,69aec6e934dd66b7db34a1ed,Oxford
1908,USB Hub,254,11,69aec72934dd66b7db34a1ee,Sony
1909,LED Lamp,398,49,69aec72934dd66b7db34a1ee,Mi
1910,Power Bank,247,8,69aec72934dd66b7db34a1ee,Samsung
1911,Hoodie,438,26,69aec6a634dd66b7db34a1ec,Adidas
1912,Bluetooth Speaker,215,41,69aec72934dd66b7db34a1ee,Sony
1913,Travel Guide,86,37,69aec6e934dd66b7db34a1ed,Penguin
1914,Shorts,7,28,69aec6a634dd66b7db34a1ec,Adidas
1915,Granola Mix,447,43,69aec65b34dd66b7db34a1eb,Patanjali
1916,Science Magazine,51,25,69aec6e934dd66b7db34a1ed,HarperCollins
1917,Kurta,158,46,69aec6a634dd66b7db34a1ec,Puma
1918,Instant Noodles,309,44,69aec65b34dd66b7db34a1eb,Amul
1919,Power Bank,94,7,69aec72934dd66b7db34a1ee,Philips
1920,Tech Handbook,132,31,69aec6e934dd66b7db34a1ed,Penguin
1921,Science Magazine,210,41,69aec6e934dd66b7db34a1ed,RandomHouse
1922,Tech Handbook,73,7,69aec6e934dd66b7db34a1ed,Oxford
1923,Poetry Collection,375,42,69aec6e934dd66b7db34a1ed,HarperCollins
1924,Cotton T-Shirt,457,5,69aec6a634dd66b7db34a1ec,Zara
1925,Energy Bar,284,7,69aec65b34dd66b7db34a1eb,Nestle
1926,Protein Shake,281,29,69aec65b34dd66b7db34a1eb,Britannia
1927,Fantasy Novel,125,13,69aec6e934dd66b7db34a1ed,Scholastic
1928,Protein Shake,455,36,69aec65b34dd66b7db34a1eb,Britannia
1929,Mystery Novel,21,27,69aec6e934dd66b7db34a1ed,Oxford
1930,Energy Bar,217,47,69aec65b34dd66b7db34a1eb,Britannia
1931,Shorts,194,20,69aec6a634dd66b7db34a1ec,Adidas
1932,Cooking Book,118,23,69aec6e934dd66b7db34a1ed,Oxford
1933,Smart Plug,325,48,69aec72934dd66b7db34a1ee,Samsung
1934,Fruit Jam,175,30,69aec65b34dd66b7db34a1eb,Amul
1935,USB Hub,171,38,69aec72934dd66b7db34a1ee,Samsung
1936,Formal Shirt,243,35,69aec6a634dd66b7db34a1ec,Nike
1937,Instant Noodles,482,10,69aec65b34dd66b7db34a1eb,Britannia
1938,LED Lamp,275,4,69aec72934dd66b7db34a1ee,Philips
1939,History Textbook,420,24,69aec6e934dd66b7db34a1ed,Oxford
1940,Bluetooth Speaker,433,50,69aec72934dd66b7db34a1ee,Boat
1941,Sports Jacket,87,31,69aec6a634dd66b7db34a1ec,Adidas
1942,Smart Plug,208,29,69aec72934dd66b7db34a1ee,Mi
1943,Shorts,195,48,69aec6a634dd66b7db34a1ec,Zara
1944,Instant Noodles,15,45,69aec65b34dd66b7db34a1eb,Amul
1945,Science Magazine,267,16,69aec6e934dd66b7db34a1ed,RandomHouse
1946,Bluetooth Speaker,74,35,69aec72934dd66b7db34a1ee,Philips
1947,Shorts,276,3,69aec6a634dd66b7db34a1ec,Nike
1948,Poetry Collection,341,46,69aec6e934dd66b7db34a1ed,Oxford
1949,Peanut Butter,364,35,69aec65b34dd66b7db34a1eb,Amul
1950,USB Hub,360,40,69aec72934dd66b7db34a1ee,Mi
1951,USB Hub,471,37,69aec72934dd66b7db34a1ee,Boat
1952,Fantasy Novel,250,15,69aec6e934dd66b7db34a1ed,Penguin
1953,Denim Jeans,9,28,69aec6a634dd66b7db34a1ec,Zara
1954,USB Hub,416,25,69aec72934dd66b7db34a1ee,Mi
1955,Track Pants,57,10,69aec6a634dd66b7db34a1ec,Puma
1956,Mystery Novel,403,23,69aec6e934dd66b7db34a1ed,RandomHouse
1957,Fantasy Novel,434,11,69aec6e934dd66b7db34a1ed,Penguin
1958,Sweatshirt,81,21,69aec6a634dd66b7db34a1ec,H&M
1959,Polo Shirt,349,40,69aec6a634dd66b7db34a1ec,H&M
1960,Granola Mix,54,10,69aec65b34dd66b7db34a1eb,Patanjali
1961,Smart Plug,483,32,69aec72934dd66b7db34a1ee,Sony
1962,Kurta,490,4,69aec6a634dd66b7db34a1ec,Nike
1963,Electric Kettle,246,31,69aec72934dd66b7db34a1ee,Sony
1964,Energy Bar,451,42,69aec65b34dd66b7db34a1eb,Nestle
1965,Science Magazine,313,32,69aec6e934dd66b7db34a1ed,RandomHouse
1966,LED Lamp,213,24,69aec72934dd66b7db34a1ee,Samsung
1967,Organic Honey,74,32,69aec65b34dd66b7db34a1eb,Britannia
1968,Track Pants,263,35,69aec6a634dd66b7db34a1ec,Zara
1969,Science Magazine,57,47,69aec6e934dd66b7db34a1ed,Oxford
1970,Power Bank,388,40,69aec72934dd66b7db34a1ee,Boat
1971,Wireless Mouse,207,44,69aec72934dd66b7db34a1ee,Samsung
1972,Polo Shirt,337,18,69aec6a634dd66b7db34a1ec,Zara
1973,Cooking Book,249,8,69aec6e934dd66b7db34a1ed,HarperCollins
1974,LED Lamp,77,7,69aec72934dd66b7db34a1ee,Sony
1975,Organic Honey,90,45,69aec65b34dd66b7db34a1eb,Britannia
1976,Power Bank,58,45,69aec72934dd66b7db34a1ee,Philips
1977,Peanut Butter,295,6,69aec65b34dd66b7db34a1eb,Sunfeast
1978,Bluetooth Speaker,34,36,69aec72934dd66b7db34a1ee,Samsung
1979,Smart Plug,379,11,69aec72934dd66b7db34a1ee,Philips
1980,Tech Handbook,190,30,69aec6e934dd66b7db34a1ed,Scholastic
1981,Electric Kettle,26,23,69aec72934dd66b7db34a1ee,Philips
1982,Fantasy Novel,82,31,69aec6e934dd66b7db34a1ed,Penguin
1983,Polo Shirt,125,5,69aec6a634dd66b7db34a1ec,Puma
1984,Salted Chips,378,24,69aec65b34dd66b7db34a1eb,Amul
1985,Cooking Book,479,2,69aec6e934dd66b7db34a1ed,HarperCollins
1986,Poetry Collection,407,34,69aec6e934dd66b7db34a1ed,Oxford
1987,Sports Jacket,113,39,69aec6a634dd66b7db34a1ec,Puma
1988,Poetry Collection,458,37,69aec6e934dd66b7db34a1ed,Penguin
1989,Bluetooth Speaker,235,35,69aec72934dd66b7db34a1ee,Samsung
1990,Energy Bar,474,2,69aec65b34dd66b7db34a1eb,Sunfeast
1991,Poetry Collection,183,6,69aec6e934dd66b7db34a1ed,Scholastic
1992,Wireless Mouse,438,36,69aec72934dd66b7db34a1ee,Mi
1993,Chocolate Cookies,31,15,69aec65b34dd66b7db34a1eb,Britannia
1994,History Textbook,423,30,69aec6e934dd66b7db34a1ed,Scholastic
1995,Tech Handbook,345,18,69aec6e934dd66b7db34a1ed,Oxford
1996,Fantasy Novel,28,49,69aec6e934dd66b7db34a1ed,RandomHouse
1997,Energy Bar,189,36,69aec65b34dd66b7db34a1eb,Patanjali
1998,Cotton T-Shirt,496,42,69aec6a634dd66b7db34a1ec,Zara
1999,Bluetooth Speaker,172,42,69aec72934dd66b7db34a1ee,Sony
2000,Fruit Jam,376,36,69aec65b34dd66b7db34a1eb,Nestle
